{"cameraMode":{"drawMode":0,"name":"Shaded","section":"Shading Mode"},"sceneLighting":true,"audioPlay":false,"sceneViewState":{"m_AlwaysRefresh":false,"showFog":true,"showSkybox":true,"showFlares":true,"showImageEffects":true,"showParticleSystems":true,"showVisualEffectGraphs":true,"m_FxEnabled":true},"in2DMode":false,"pivot":{"x":-6.097861289978027,"y":10.010860443115235,"z":-0.22408151626586915},"rotation":{"x":-0.32562679052352908,"y":-0.1265583336353302,"z":0.04403073340654373,"w":-0.9359568357467651},"size":13.240099906921387,"orthographic":false}